key,translation
ae_consultant,A&E consultant
accident_reconstruction,Accident reconstruction
accountant,Accountant
anaesthetist,Anaesthetist
animal_behaviourist,Animal behaviourist
architect,Architect
back_calculation,Back calculation
benefit_expert,Benefit expert
cardiologist,Cardiologist
cell_phone_site_analysis,Cell phone site analysis
child_psychologist,Child psychologist
computer_expert,Computer expert
consultant_engineer,Consultant engineer
court_transcription,Court transcription
cultural_music_expert,Cultural music expert
culture_expert,Culture expert
dentist,Dentist
dermatologist,Dermatologist
disability_consultant,Disability consultant
dna_report,DNA Report
doctor_gp,Doctor (GP)
drug_expert,Drug expert
employment_consultant,Employment consultant
encro_chat,Encro chat
engineers_report,Engineer's report
enquiry_agent,Enquiry agent
ent_surgeon,ENT surgeon
environmental_expert,Environmental expert
facial_mapping_expert,Facial mapping expert
fingerprint_expert,Fingerprint expert
fire_investigation_report,Fire investigation report
firearm_expert,Firearm expert
forensic_psychiatrist,Forensic psychiatrist
forensic_scientist,Forensic scientist
general_surgeon,General surgeon
geneticist,Geneticist
gps_records_report,GP's records report
gynaecologist,Gynaecologist
haematologist,Haematologist
handwriting_expert,Handwriting expert
human_trafficking,Human trafficking
independent_social_worker,Independent social worker
intermediary,Intermediary
interpreter,Interpreter
jewellery_valuation,Jewellery valuation
lab_fees,Lab fees
legal_prison_expert,Legal/Prison expert
lip_reader_signer,Lip-reader / Signer
mediators_fees,Mediator's Fees
medical_consultant,Medical consultant
medical_microbiologist,Medical microbiologist
medical_report,Medical report
meteorologist,Meteorologist
midwife,Midwife
mortgage_experts_report,Mortgage expert's report
neonatologist,Neonatologist
neurologists_report,Neurologist's report
neuropathologist,Neuropathologist
neuropsychiatrist,Neuropsychiatrist
neuropsychologist,Neuropsychologist
neuroradiologist,Neuroradiologist
neurosurgeon,Neurosurgeon
nursing_expert,Nursing expert
obstetrician,Obstetrician
occupational_therapist,Occupational therapist
oncologist,Oncologist
ophthalmologist,Ophthalmologist
orthopaedic_surgeon,Orthopaedic surgeon
paediatrician_report,Paediatrician report
pathologist_report,Pathologist report
pharmacologist,Pharmacologist
photocopying,Photocopying
photographer,Photographer
physiotherapist,Physiotherapist
plastic_surgeon,Plastic surgeon
private_investigator,Private investigator
process_server,Process server
psychiatric_report_prison_law,Psychiatric report (Prison Law)
psychiatrist_including_child,Psychiatrist (including child)
psychological_report_prison_law,Psychological report (Prison Law)
psychologist,Psychologist
radiologist,Radiologist
report_writing,Report writing
rheumatologist,Rheumatologist
risk_assessment_expert,Risk assessment expert
sleep_expert,Sleep expert
specialist_barrister,"Specialist barrister (Land, Property, Chancery Law)"
speech_therapist,Speech therapist
surgeon,Surgeon
surveyor,Surveyor (housing disrepair)
surveyors_report,Surveyor's report
tachograph_expert,Tachograph expert
telecommunications_expert,Telecommunications expert
toxicologist_report,Toxicologist report
transcription_recording,Transcription (recording)
translation_and_transcription,Translation and transcription
translation_documents,Translation (documents)
travel,Travel
urologist,Urologist
veterinary_report,Veterinary report
voice_recognition,Voice recognition
custom,Other
